제목,삼성전자,SK하이닉스,LG에너지솔루션,삼성바이오로직스,현대자동차,POSCO홀딩스,삼성SDI,LG화학,NAVER,KB금융,에코프로비엠,현대모비스,신한지주,포스코퓨처엠,삼성생명,하나금융지주,에코프로,메리츠금융지주,LG전자,LG,HLB,카카오뱅크,한미반도체
사 업 보 고 서,★★★★★,★★★★★,★★★★★,★★★★★,★★★★★,★★★★★,★★★★★,★★★★★,★★★★★,★★★★★,★★★★★,★★★★★,★★★★★,★★★★★,★★★★★,★★★★★,★★★★★,★★★★★,★★★★★,★★★★★,★★★★★,★★★★★,★★★★★
【 대표이사 등의 확인 】,★★★★★,★★★★★,★★★★★,★★★★★,★★★★★,★★★★★,★★★★★,★★★★★,★★★★★,★★★★★,★★★★★,★★★★★,★★★★★,★★★★★,★★★★★,★★★★★,★★★★★,★★★★★,★★★★★,★★★★★,★★★★★,★★★★★,★★★★★
I. 회사의 개요,★★★★★,★★★★★,★★★★★,★★★★★,★★★★★,★★★★★,★★★★★,★★★★★,★★★★★,★★★★★,★★★★★,★★★★★,★★★★★,★★★★★,★★★★★,★★★★★,★★★★★,★★★★★,★★★★★,★★★★★,★★★★★,★★★★★,★★★★★
1. 회사의 개요,★★★★★,★★★★★,★★★★★,★★★★★,★★★★★,★★★★★,★★★★★,★★★★★,★★★★★,★★★★★,★★★★★,★★★★★,★★★★★,★★★★★,★★★★★,★★★★★,★★★★★,★★★★★,★★★★★,★★★★★,★★★★★,★★★★★,★★★★★
2. 회사의 연혁,★★★★★,★★★★★,★★★★★,★★★★★,★★★★★,★★★★★,★★★★★,★★★★★,★★★★★,★★★★★,★★★★★,★★★★★,★★★★★,★★★★★,★★★★★,★★★★★,★★★★★,★★★★★,★★★★★,★★★★★,★★★★★,★★★★★,★★★★★
3. 자본금 변동사항,★★★★★,★★★★★,★★★★★,★★★★★,★★★★★,★★★★★,★★★★★,★★★★★,★★★★★,★★★★★,★★★★★,★★★★★,★★★★★,★★★★★,★★★★★,★★★★★,★★★★★,★★★★★,★★★★★,★★★★★,★★★★★,★★★★★,★★★★★
4. 주식의 총수 등,★★★★★,★★★★★,★★★★★,★★★★★,★★★★★,★★★★★,★★★★★,★★★★★,★★★★★,★★★★★,★★★★★,★★★★★,★★★★★,★★★★★,★★★★★,★★★★★,★★★★★,★★★★★,★★★★★,★★★★★,★★★★★,★★★★★,★★★★★
5. 정관에 관한 사항,★★★★★,★★★★★,★★★★★,★★★★★,★★★★★,★★★★★,★★★★★,★★★★★,★★★★★,★★★★★,★★★★★,★★★★★,★★★★★,★★★★★,★★★★★,★★★★★,★★★★★,★★★★★,★★★★★,★★★★★,★★★★★,★★★★★,★★★★★
II. 사업의 내용,★★★★★,★★★★★,★★★★★,★★★★★,★★★★★,★★★★★,★★★★★,★★★★★,★★★★★,★★★★★,★★★★★,★★★★★,★★★★★,★★★★★,★★★★★,★★★★★,★★★★★,★★★★★,★★★★★,★★★★★,★★★★★,★★★★★,★★★★★
1. 사업의 개요,★★★★★,★★★★★,★★★★★,★★★★★,-,★★★★★,★★★★★,★★★★★,★★★★★,★★★★★,★★★★★,★★★★★,★★★★★,★★★★★,★★★★★,★★★★★,★★★★★,★★★★★,★★★★★,★★★★★,-,★★★★★,★★★★★
2. 주요 제품 및 서비스,★★★★★,★★★★★,★★★★★,★★★★★,-,★★★★★,★★★★★,★★★★★,★★★★★,-,★★★★★,★★★★★,-,★★★★★,-,-,★★★★★,-,★★★★★,★★★★★,-,-,★★★★★
3. 원재료 및 생산설비,★★★★★,★★★★★,★★★★★,★★★★★,-,★★★★★,★★★★★,★★★★★,★★★★★,-,★★★★★,★★★★★,-,★★★★★,-,-,★★★★★,-,★★★★★,★★★★★,-,-,★★★★★
4. 매출 및 수주상황,★★★★★,★★★★★,★★★★★,★★★★★,-,★★★★★,★★★★★,★★★★★,★★★★★,-,★★★★★,★★★★★,-,★★★★★,-,-,★★★★★,-,★★★★★,★★★★★,-,-,★★★★★
5. 위험관리 및 파생거래,★★★★★,★★★★★,★★★★★,★★★★★,-,★★★★★,★★★★★,★★★★★,★★★★★,-,★★★★★,★★★★★,-,★★★★★,-,-,★★★★★,-,★★★★★,★★★★★,-,-,★★★★★
6. 주요계약 및 연구개발활동,★★★★★,★★★★★,★★★★★,★★★★★,-,★★★★★,★★★★★,★★★★★,★★★★★,-,★★★★★,★★★★★,-,★★★★★,-,-,★★★★★,-,★★★★★,★★★★★,-,-,★★★★★
7. 기타 참고사항,★★★★★,★★★★★,★★★★★,★★★★★,-,★★★★★,★★★★★,★★★★★,★★★★★,-,★★★★★,★★★★★,-,★★★★★,-,-,★★★★★,-,★★★★★,★★★★★,-,-,★★★★★
III. 재무에 관한 사항,★★★★★,★★★★★,★★★★★,★★★★★,★★★★★,★★★★★,★★★★★,★★★★★,★★★★★,★★★★★,★★★★★,★★★★★,★★★★★,★★★★★,★★★★★,★★★★★,★★★★★,★★★★★,★★★★★,★★★★★,★★★★★,★★★★★,★★★★★
1. 요약재무정보,★★★★★,★★★★★,★★★★★,★★★★★,★★★★★,★★★★★,★★★★★,★★★★★,★★★★★,★★★★★,★★★★★,★★★★★,★★★★★,★★★★★,★★★★★,★★★★★,★★★★★,★★★★★,★★★★★,★★★★★,★★★★★,★★★★★,★★★★★
2. 연결재무제표,★★★★★,★★★★★,★★★★★,★★★★★,★★★★★,★★★★★,★★★★★,★★★★★,★★★★★,★★★★★,★★★★★,★★★★★,★★★★★,★★★★★,★★★★★,★★★★★,★★★★★,★★★★★,★★★★★,★★★★★,★★★★★,★★★★★,★★★★★
3. 연결재무제표 주석,★★★★★,★★★★★,★★★★★,★★★★★,★★★★★,★★★★★,★★★★★,★★★★★,★★★★★,★★★★★,★★★★★,★★★★★,★★★★★,★★★★★,★★★★★,★★★★★,★★★★★,★★★★★,★★★★★,★★★★★,★★★★★,★★★★★,★★★★★
4. 재무제표,★★★★★,★★★★★,★★★★★,★★★★★,★★★★★,★★★★★,★★★★★,★★★★★,★★★★★,★★★★★,★★★★★,★★★★★,★★★★★,★★★★★,★★★★★,★★★★★,★★★★★,★★★★★,★★★★★,★★★★★,★★★★★,★★★★★,★★★★★
5. 재무제표 주석,★★★★★,★★★★★,★★★★★,★★★★★,★★★★★,★★★★★,★★★★★,★★★★★,★★★★★,★★★★★,★★★★★,★★★★★,★★★★★,★★★★★,★★★★★,★★★★★,★★★★★,★★★★★,★★★★★,★★★★★,★★★★★,★★★★★,★★★★★
6. 배당에 관한 사항,★★★★★,★★★★★,★★★★★,★★★★★,★★★★★,★★★★★,★★★★★,★★★★★,★★★★★,★★★★★,★★★★★,★★★★★,★★★★★,★★★★★,★★★★★,★★★★★,★★★★★,★★★★★,★★★★★,★★★★★,★★★★★,★★★★★,★★★★★
7. 증권의 발행을 통한 자금조달에 관한 사항,★★★★★,★★★★★,★★★★★,★★★★★,★★★★★,★★★★★,★★★★★,★★★★★,★★★★★,★★★★★,★★★★★,★★★★★,★★★★★,★★★★★,★★★★★,★★★★★,★★★★★,★★★★★,★★★★★,★★★★★,★★★★★,★★★★★,★★★★★
8. 기타 재무에 관한 사항,★★★★★,★★★★★,★★★★★,★★★★★,★★★★★,★★★★★,★★★★★,★★★★★,★★★★★,★★★★★,★★★★★,★★★★★,★★★★★,★★★★★,★★★★★,★★★★★,★★★★★,★★★★★,★★★★★,★★★★★,★★★★★,★★★★★,★★★★★
IV. 이사의 경영진단 및 분석의견,★★★★★,★★★★★,★★★★★,★★★★★,★★★★★,★★★★★,★★★★★,★★★★★,★★★★★,★★★★★,★★★★★,★★★★★,★★★★★,★★★★★,★★★★★,★★★★★,★★★★★,★★★★★,★★★★★,★★★★★,★★★★★,★★★★★,★★★★★
V. 회계감사인의 감사의견 등,★★★★★,★★★★★,★★★★★,★★★★★,★★★★★,★★★★★,★★★★★,★★★★★,★★★★★,★★★★★,★★★★★,★★★★★,★★★★★,★★★★★,★★★★★,★★★★★,★★★★★,★★★★★,★★★★★,★★★★★,★★★★★,★★★★★,★★★★★
1. 외부감사에 관한 사항,★★★★★,★★★★★,★★★★★,★★★★★,★★★★★,★★★★★,★★★★★,★★★★★,★★★★★,★★★★★,★★★★★,★★★★★,★★★★★,★★★★★,★★★★★,★★★★★,★★★★★,★★★★★,★★★★★,★★★★★,★★★★★,★★★★★,★★★★★
2. 내부통제에 관한 사항,★★★★★,★★★★★,★★★★★,★★★★★,★★★★★,★★★★★,★★★★★,★★★★★,★★★★★,★★★★★,★★★★★,★★★★★,★★★★★,★★★★★,★★★★★,★★★★★,★★★★★,★★★★★,★★★★★,★★★★★,★★★★★,★★★★★,★★★★★
VI. 이사회 등 회사의 기관에 관한 사항,★★★★★,★★★★★,★★★★★,★★★★★,★★★★★,★★★★★,★★★★★,★★★★★,★★★★★,★★★★★,★★★★★,★★★★★,★★★★★,★★★★★,★★★★★,★★★★★,★★★★★,★★★★★,★★★★★,★★★★★,★★★★★,★★★★★,★★★★★
1. 이사회에 관한 사항,★★★★★,★★★★★,★★★★★,★★★★★,★★★★★,★★★★★,★★★★★,★★★★★,★★★★★,★★★★★,★★★★★,★★★★★,★★★★★,★★★★★,★★★★★,★★★★★,★★★★★,★★★★★,★★★★★,★★★★★,★★★★★,★★★★★,★★★★★
2. 감사제도에 관한 사항,★★★★★,★★★★★,★★★★★,★★★★★,★★★★★,★★★★★,★★★★★,★★★★★,★★★★★,★★★★★,★★★★★,★★★★★,★★★★★,★★★★★,★★★★★,★★★★★,★★★★★,★★★★★,★★★★★,★★★★★,★★★★★,★★★★★,★★★★★
3. 주주총회 등에 관한 사항,★★★★★,★★★★★,★★★★★,★★★★★,★★★★★,★★★★★,★★★★★,★★★★★,★★★★★,★★★★★,★★★★★,★★★★★,★★★★★,★★★★★,★★★★★,★★★★★,★★★★★,★★★★★,★★★★★,★★★★★,★★★★★,★★★★★,★★★★★
VII. 주주에 관한 사항,★★★★★,★★★★★,★★★★★,★★★★★,★★★★★,★★★★★,★★★★★,★★★★★,★★★★★,★★★★★,★★★★★,★★★★★,★★★★★,★★★★★,★★★★★,★★★★★,★★★★★,★★★★★,★★★★★,★★★★★,★★★★★,★★★★★,★★★★★
VIII. 임원 및 직원 등에 관한 사항,★★★★★,★★★★★,★★★★★,★★★★★,★★★★★,★★★★★,★★★★★,★★★★★,★★★★★,★★★★★,★★★★★,★★★★★,★★★★★,★★★★★,★★★★★,★★★★★,★★★★★,★★★★★,★★★★★,★★★★★,★★★★★,★★★★★,★★★★★
1. 임원 및 직원 등의 현황,★★★★★,★★★★★,★★★★★,★★★★★,★★★★★,★★★★★,★★★★★,★★★★★,★★★★★,★★★★★,★★★★★,★★★★★,★★★★★,★★★★★,★★★★★,★★★★★,★★★★★,★★★★★,★★★★★,★★★★★,★★★★★,★★★★★,★★★★★
2. 임원의 보수 등,★★★★★,★★★★★,★★★★★,★★★★★,★★★★★,★★★★★,★★★★★,★★★★★,★★★★★,★★★★★,★★★★★,★★★★★,★★★★★,★★★★★,★★★★★,★★★★★,★★★★★,★★★★★,★★★★★,★★★★★,★★★★★,★★★★★,★★★★★
IX. 계열회사 등에 관한 사항,★★★★★,★★★★★,★★★★★,★★★★★,★★★★★,★★★★★,★★★★★,★★★★★,★★★★★,★★★★★,★★★★★,★★★★★,★★★★★,★★★★★,★★★★★,★★★★★,★★★★★,★★★★★,★★★★★,★★★★★,★★★★★,★★★★★,★★★★★
X. 대주주 등과의 거래내용,★★★★★,★★★★★,★★★★★,★★★★★,★★★★★,★★★★★,★★★★★,★★★★★,★★★★★,★★★★★,★★★★★,★★★★★,★★★★★,★★★★★,★★★★★,★★★★★,★★★★★,★★★★★,★★★★★,★★★★★,★★★★★,★★★★★,★★★★★
XI. 그 밖에 투자자 보호를 위하여 필요한 사항,★★★★★,★★★★★,★★★★★,★★★★★,★★★★★,★★★★★,★★★★★,★★★★★,★★★★★,★★★★★,★★★★★,★★★★★,★★★★★,★★★★★,★★★★★,★★★★★,★★★★★,★★★★★,★★★★★,★★★★★,★★★★★,★★★★★,★★★★★
1. 공시내용 진행 및 변경사항,★★★★★,★★★★★,★★★★★,★★★★★,★★★★★,★★★★★,★★★★★,★★★★★,★★★★★,★★★★★,★★★★★,★★★★★,★★★★★,★★★★★,★★★★★,★★★★★,★★★★★,★★★★★,★★★★★,★★★★★,★★★★★,★★★★★,★★★★★
2. 우발부채 등에 관한 사항,★★★★★,★★★★★,★★★★★,★★★★★,★★★★★,★★★★★,★★★★★,★★★★★,★★★★★,★★★★★,★★★★★,★★★★★,★★★★★,★★★★★,★★★★★,★★★★★,★★★★★,★★★★★,★★★★★,★★★★★,★★★★★,★★★★★,★★★★★
3. 제재 등과 관련된 사항,★★★★★,★★★★★,★★★★★,★★★★★,★★★★★,★★★★★,★★★★★,★★★★★,★★★★★,★★★★★,★★★★★,★★★★★,★★★★★,★★★★★,★★★★★,★★★★★,★★★★★,★★★★★,★★★★★,★★★★★,★★★★★,★★★★★,★★★★★
4. 작성기준일 이후 발생한 주요사항 등 기타사항,★★★★★,★★★★★,★★★★★,★★★★★,★★★★★,★★★★★,★★★★★,★★★★★,★★★★★,★★★★★,★★★★★,★★★★★,★★★★★,★★★★★,★★★★★,★★★★★,★★★★★,★★★★★,★★★★★,★★★★★,★★★★★,★★★★★,★★★★★
XII. 상세표,★★★★★,★★★★★,★★★★★,★★★★★,★★★★★,★★★★★,★★★★★,★★★★★,★★★★★,★★★★★,★★★★★,★★★★★,★★★★★,★★★★★,★★★★★,★★★★★,★★★★★,★★★★★,★★★★★,★★★★★,★★★★★,★★★★★,★★★★★
1. 연결대상 종속회사 현황(상세),★★★★★,★★★★★,★★★★★,★★★★★,★★★★★,★★★★★,★★★★★,★★★★★,★★★★★,★★★★★,★★★★★,★★★★★,★★★★★,★★★★★,★★★★★,★★★★★,★★★★★,★★★★★,★★★★★,★★★★★,★★★★★,★★★★★,★★★★★
2. 계열회사 현황(상세),★★★★★,★★★★★,★★★★★,★★★★★,★★★★★,★★★★★,★★★★★,★★★★★,★★★★★,★★★★★,★★★★★,★★★★★,★★★★★,★★★★★,★★★★★,★★★★★,★★★★★,★★★★★,★★★★★,★★★★★,★★★★★,★★★★★,★★★★★
3. 타법인출자 현황(상세),★★★★★,★★★★★,★★★★★,★★★★★,★★★★★,★★★★★,★★★★★,★★★★★,★★★★★,★★★★★,★★★★★,★★★★★,★★★★★,★★★★★,★★★★★,★★★★★,★★★★★,★★★★★,★★★★★,★★★★★,★★★★★,★★★★★,★★★★★
4. 연구개발실적(상세),★★★★★,-,-,★★★★★,★★★★★,-,-,-,-,-,-,★★★★★,-,-,-,-,-,-,★★★★★,-,-,-,-
【 전문가의 확인 】,★★★★★,★★★★★,★★★★★,★★★★★,★★★★★,★★★★★,★★★★★,★★★★★,★★★★★,★★★★★,★★★★★,★★★★★,★★★★★,★★★★★,★★★★★,★★★★★,★★★★★,★★★★★,★★★★★,★★★★★,★★★★★,★★★★★,★★★★★
1. 전문가의 확인,★★★★★,★★★★★,★★★★★,★★★★★,★★★★★,★★★★★,★★★★★,★★★★★,★★★★★,★★★★★,★★★★★,★★★★★,★★★★★,★★★★★,★★★★★,★★★★★,★★★★★,★★★★★,★★★★★,★★★★★,★★★★★,★★★★★,★★★★★
2. 전문가와의 이해관계,★★★★★,★★★★★,★★★★★,★★★★★,★★★★★,★★★★★,★★★★★,★★★★★,★★★★★,★★★★★,★★★★★,★★★★★,★★★★★,★★★★★,★★★★★,★★★★★,★★★★★,★★★★★,★★★★★,★★★★★,★★★★★,★★★★★,★★★★★
분 기 보 고 서,★★★★★,★★★★★,★★★★★,★★★★★,★★★★★,★★★★★,★★★★★,★★★★★,★★★★★,★★★★★,★★★★★,★★★★★,★★★★★,★★★★★,★★★★★,★★★★★,★★★★★,★★★★★,★★★★★,★★★★★,★★★★★,★★★★★,★★★★★
반 기 보 고 서,★★★★★,★★★★★,★★★★★,★★★★★,★★★★★,★★★★★,★★★★★,★★★★★,★★★★★,★★★★★,★★★★★,★★★★★,★★★★★,★★★★★,★★★★★,★★★★★,★★★★★,★★★★★,★★★★★,★★★★★,★★★★★,★★★★★,★★★★★
정 정 신 고 (보고),-,-,-,-,★★★★★,★★★★★,★★★★★,★★★★★,-,★★★★★,-,★★★★★,-,★★★★★,★★★★★,★★★★★,-,★★★★★,-,-,-,★★★★★,-
1. (제조서비스업)사업의 개요,-,-,-,-,★★★★★,-,-,-,-,-,-,-,-,-,-,-,-,-,-,-,★★★★★,-,-
2. (제조서비스업)주요 제품 및 서비스,-,-,-,-,★★★★★,-,-,-,-,-,-,-,-,-,-,-,-,-,-,-,★★★★★,-,-
3. (제조서비스업)원재료 및 생산설비,-,-,-,-,★★★★★,-,-,-,-,-,-,-,-,-,-,-,-,-,-,-,★★★★★,-,-
4. (제조서비스업)매출 및 수주상황,-,-,-,-,★★★★★,-,-,-,-,-,-,-,-,-,-,-,-,-,-,-,★★★★★,-,-
5. (제조서비스업)위험관리 및 파생거래,-,-,-,-,★★★★★,-,-,-,-,-,-,-,-,-,-,-,-,-,-,-,★★★★★,-,-
6. (제조서비스업)주요계약 및 연구개발활동,-,-,-,-,★★★★★,-,-,-,-,-,-,-,-,-,-,-,-,-,-,-,★★★★★,-,-
7. (제조서비스업)기타 참고사항,-,-,-,-,★★★★★,-,-,-,-,-,-,-,-,-,-,-,-,-,-,-,★★★★★,-,-
1. (금융업)사업의 개요,-,-,-,-,★★★★★,-,-,-,-,-,-,-,-,-,-,-,-,-,-,-,★★★★★,-,-
2. (금융업)영업의 현황,-,-,-,-,★★★★★,-,-,-,-,-,-,-,-,-,-,-,-,-,-,-,★★★★★,-,-
3. (금융업)파생상품거래 현황,-,-,-,-,★★★★★,-,-,-,-,-,-,-,-,-,-,-,-,-,-,-,★★★★★,-,-
4. (금융업)영업설비,-,-,-,-,★★★★★,-,-,-,-,-,-,-,-,-,-,-,-,-,-,-,★★★★★,-,-
5. (금융업)재무건전성 등 기타 참고사항,-,-,-,-,★★★★★,-,-,-,-,-,-,-,-,-,-,-,-,-,-,-,★★★★★,-,-
4. 포스코이앤씨 수주현황(상세),-,-,-,-,-,★★★★★,-,-,-,-,-,-,-,-,-,-,-,-,-,-,-,-,-
5. 포스코에이앤씨 수주현황(상세),-,-,-,-,-,★★★★★,-,-,-,-,-,-,-,-,-,-,-,-,-,-,-,-,-
6. 포스코디엑스 수주현황(상세),-,-,-,-,-,★★★★★,-,-,-,-,-,-,-,-,-,-,-,-,-,-,-,-,-
7. 연구개발 담당조직(상세),-,-,-,-,-,★★★★★,-,-,-,-,-,-,-,-,-,-,-,-,-,-,-,-,-
4. 연구개발 담당조직(상세),-,-,-,-,-,★★★★★,-,-,-,-,-,-,-,-,-,-,-,-,-,-,-,-,-
5. 포스코이앤씨 수주현황(상세),-,-,-,-,-,★★★★★,-,-,-,-,-,-,-,-,-,-,-,-,-,-,-,-,-
6. 포스코에이앤씨 수주현황(상세),-,-,-,-,-,★★★★★,-,-,-,-,-,-,-,-,-,-,-,-,-,-,-,-,-
7. 포스코디엑스 수주현황(상세),-,-,-,-,-,★★★★★,-,-,-,-,-,-,-,-,-,-,-,-,-,-,-,-,-
4. 포스코건설 수주현황(상세),-,-,-,-,-,★★★★★,-,-,-,-,-,-,-,-,-,-,-,-,-,-,-,-,-
5. 연구개발 담당조직(상세),-,-,-,-,-,★★★★★,-,-,-,-,-,-,-,-,-,-,-,-,-,-,-,-,-
6. 포스코에이앤씨건축사무소 수주현황(상세),-,-,-,-,-,★★★★★,-,-,-,-,-,-,-,-,-,-,-,-,-,-,-,-,-
7. 포스코아이씨티 수주현황(상세),-,-,-,-,-,★★★★★,-,-,-,-,-,-,-,-,-,-,-,-,-,-,-,-,-
4. 국내 및 해외 주요 사업장 현황(상세),-,-,-,-,-,-,-,★★★★★,-,-,-,-,-,-,-,-,-,-,-,-,-,-,-
4. 연구개발실적,-,-,-,-,-,-,-,-,★★★★★,-,-,-,-,-,-,-,-,-,-,-,-,-,-
2. 영업의 현황,-,-,-,-,-,-,-,-,-,★★★★★,-,-,★★★★★,-,★★★★★,★★★★★,-,★★★★★,-,-,-,★★★★★,-
3. 파생상품거래 현황,-,-,-,-,-,-,-,-,-,★★★★★,-,-,★★★★★,-,★★★★★,★★★★★,-,★★★★★,-,-,-,★★★★★,-
4. 영업설비,-,-,-,-,-,-,-,-,-,★★★★★,-,-,★★★★★,-,★★★★★,★★★★★,-,★★★★★,-,-,-,★★★★★,-
5. 재무건전성 등 기타 참고사항,-,-,-,-,-,-,-,-,-,★★★★★,-,-,★★★★★,-,★★★★★,★★★★★,-,★★★★★,-,-,-,★★★★★,-
4. 주요 상품 ·서비스 (1) 예금상품(상세),-,-,-,-,-,-,-,-,-,★★★★★,-,-,-,-,-,-,-,-,-,-,-,-,-
5. 주요 상품 ·서비스 (2) 대출상품(상세),-,-,-,-,-,-,-,-,-,★★★★★,-,-,-,-,-,-,-,-,-,-,-,-,-
6. 주요 상품 ·서비스 (3) 신탁상품(상세),-,-,-,-,-,-,-,-,-,★★★★★,-,-,-,-,-,-,-,-,-,-,-,-,-
7. 주요 상품 ·서비스 (4) 투자신탁상품(상세) ,-,-,-,-,-,-,-,-,-,★★★★★,-,-,-,-,-,-,-,-,-,-,-,-,-
8. 주요 상품 ·서비스 (5) 외환업무(상세) ,-,-,-,-,-,-,-,-,-,★★★★★,-,-,-,-,-,-,-,-,-,-,-,-,-
9. 주요 상품 ·서비스 (6) 방카슈랑스(상세) ,-,-,-,-,-,-,-,-,-,★★★★★,-,-,-,-,-,-,-,-,-,-,-,-,-
10. 주요 상품ㆍ서비스 (7) PB/GOLD&WISE 전용상품(상세),-,-,-,-,-,-,-,-,-,★★★★★,-,-,-,-,-,-,-,-,-,-,-,-,-
11. 주요 상품ㆍ서비스 (8) 전자금융(상세),-,-,-,-,-,-,-,-,-,★★★★★,-,-,-,-,-,-,-,-,-,-,-,-,-
12. 증권거래현황(상세),-,-,-,-,-,-,-,-,-,★★★★★,-,-,-,-,-,-,-,-,-,-,-,-,-
13. 장내파생상품거래현황(상세),-,-,-,-,-,-,-,-,-,★★★★★,-,-,-,-,-,-,-,-,-,-,-,-,-
14. 투자운용인력현황(상세),-,-,-,-,-,-,-,-,-,★★★★★,-,-,-,-,-,-,-,-,-,-,-,-,-
15. 일임형 Wrap상품(상세),-,-,-,-,-,-,-,-,-,★★★★★,-,-,-,-,-,-,-,-,-,-,-,-,-
8. 주요 상품 ·서비스 (5) 외환업무(상세),-,-,-,-,-,-,-,-,-,★★★★★,-,-,-,-,-,-,-,-,-,-,-,-,-
9. 주요 상품ㆍ서비스 (6) 방카슈랑스(상세),-,-,-,-,-,-,-,-,-,★★★★★,-,-,-,-,-,-,-,-,-,-,-,-,-
4. 주요 상품ㆍ서비스 (1) 예금상품(상세),-,-,-,-,-,-,-,-,-,★★★★★,-,-,-,-,-,-,-,-,-,-,-,-,-
5. 주요 상품ㆍ서비스 (2) 대출상품(상세),-,-,-,-,-,-,-,-,-,★★★★★,-,-,-,-,-,-,-,-,-,-,-,-,-
6. 주요 상품ㆍ서비스 (3) 신탁상품(상세),-,-,-,-,-,-,-,-,-,★★★★★,-,-,-,-,-,-,-,-,-,-,-,-,-
7. 주요 상품ㆍ서비스 (4) 투자신탁상품(상세),-,-,-,-,-,-,-,-,-,★★★★★,-,-,-,-,-,-,-,-,-,-,-,-,-
8. 주요 상품ㆍ서비스 (5) 외환업무(상세),-,-,-,-,-,-,-,-,-,★★★★★,-,-,-,-,-,-,-,-,-,-,-,-,-
9. 주요 상품ㆍ서비스 (6) 방카슈랑스(상세) ,-,-,-,-,-,-,-,-,-,★★★★★,-,-,-,-,-,-,-,-,-,-,-,-,-
10. 주요 상품ㆍ서비스 (7) PB/GOLD&WISE(상세),-,-,-,-,-,-,-,-,-,★★★★★,-,-,-,-,-,-,-,-,-,-,-,-,-
11. 주요 상품ㆍ서비스 (8) 전자금융(상세) ,-,-,-,-,-,-,-,-,-,★★★★★,-,-,-,-,-,-,-,-,-,-,-,-,-
14. 투자일임운용인력현황(상세),-,-,-,-,-,-,-,-,-,★★★★★,-,-,-,-,-,-,-,-,-,-,-,-,-
16. 신용파생상품 거래현황(상세),-,-,-,-,-,-,-,-,-,★★★★★,-,-,-,-,-,-,-,-,-,-,-,-,-
4.주요 상품 ·서비스 (1) 예금상품(상세),-,-,-,-,-,-,-,-,-,★★★★★,-,-,-,-,-,-,-,-,-,-,-,-,-
5.주요 상품 ·서비스 (2) 대출상품(상세),-,-,-,-,-,-,-,-,-,★★★★★,-,-,-,-,-,-,-,-,-,-,-,-,-
6.주요 상품 ·서비스 (3) 신탁상품(상세),-,-,-,-,-,-,-,-,-,★★★★★,-,-,-,-,-,-,-,-,-,-,-,-,-
7.주요 상품 ·서비스 (4) 투자신탁상품(상세) ,-,-,-,-,-,-,-,-,-,★★★★★,-,-,-,-,-,-,-,-,-,-,-,-,-
8.주요 상품 ·서비스 (5) 외환업무(상세),-,-,-,-,-,-,-,-,-,★★★★★,-,-,-,-,-,-,-,-,-,-,-,-,-
10.  주요 상품ㆍ서비스 (7) PB/GOLD&WISE 전용상품(상세),-,-,-,-,-,-,-,-,-,★★★★★,-,-,-,-,-,-,-,-,-,-,-,-,-
14. 투자운용인력현황(요약),-,-,-,-,-,-,-,-,-,★★★★★,-,-,-,-,-,-,-,-,-,-,-,-,-
4. 지적재산권 보유현황(상세),-,-,-,-,-,-,-,-,-,-,★★★★★,-,-,-,-,-,-,-,-,-,-,-,-
4. 지적재산권 보유현황,-,-,-,-,-,-,-,-,-,-,★★★★★,-,-,-,-,-,-,-,-,-,-,-,-
5.특허권 보유현황(상세),-,-,-,-,-,-,-,-,-,-,-,★★★★★,-,-,-,-,-,-,-,-,-,-,-
5. 특허권 보유현황(상세),-,-,-,-,-,-,-,-,-,-,-,★★★★★,-,-,-,-,-,-,-,-,-,-,-
4. 예금상품별개요,-,-,-,-,-,-,-,-,-,-,-,-,★★★★★,-,-,-,-,-,-,-,-,-,-
5. 신탁상품별 개요,-,-,-,-,-,-,-,-,-,-,-,-,★★★★★,-,-,-,-,-,-,-,-,-,-
6. 외환상품 및 서비스 개요,-,-,-,-,-,-,-,-,-,-,-,-,★★★★★,-,-,-,-,-,-,-,-,-,-
7. 신용파생상품상세명세,-,-,-,-,-,-,-,-,-,-,-,-,★★★★★,-,-,-,-,-,-,-,-,-,-
4. 신용파생상품 상세명세,-,-,-,-,-,-,-,-,-,-,-,-,★★★★★,-,-,-,-,-,-,-,-,-,-
5. 예금상품별개요,-,-,-,-,-,-,-,-,-,-,-,-,★★★★★,-,-,-,-,-,-,-,-,-,-
6. 신탁상품별개요,-,-,-,-,-,-,-,-,-,-,-,-,★★★★★,-,-,-,-,-,-,-,-,-,-
7. 외환상품및서비스,-,-,-,-,-,-,-,-,-,-,-,-,★★★★★,-,-,-,-,-,-,-,-,-,-
4. 이자율스왑의 계약내용(상세),-,-,-,-,-,-,-,-,-,-,-,-,-,-,★★★★★,-,-,-,-,-,-,-,-
4. (하나은행) 예금업무(상세),-,-,-,-,-,-,-,-,-,-,-,-,-,-,-,★★★★★,-,-,-,-,-,-,-
5. (하나은행) 대출업무(상세),-,-,-,-,-,-,-,-,-,-,-,-,-,-,-,★★★★★,-,-,-,-,-,-,-
6. (하나은행) 신탁업무(상세),-,-,-,-,-,-,-,-,-,-,-,-,-,-,-,★★★★★,-,-,-,-,-,-,-
7. (하나은행) 외환/수출입 서비스(상세),-,-,-,-,-,-,-,-,-,-,-,-,-,-,-,★★★★★,-,-,-,-,-,-,-
8. (하나은행) 방카슈랑스(상세),-,-,-,-,-,-,-,-,-,-,-,-,-,-,-,★★★★★,-,-,-,-,-,-,-
9. (하나은행) e-금융서비스(상세),-,-,-,-,-,-,-,-,-,-,-,-,-,-,-,★★★★★,-,-,-,-,-,-,-
10. (하나카드) 신용카드 상품(상세),-,-,-,-,-,-,-,-,-,-,-,-,-,-,-,★★★★★,-,-,-,-,-,-,-
11. (하나저축은행) 상품 및 서비스 개요(상세),-,-,-,-,-,-,-,-,-,-,-,-,-,-,-,★★★★★,-,-,-,-,-,-,-
12. (하나증권) 신용파생상품 상세명세,-,-,-,-,-,-,-,-,-,-,-,-,-,-,-,★★★★★,-,-,-,-,-,-,-
6. (하나은행) 기타업무-외환/수출입 서비스(상세),-,-,-,-,-,-,-,-,-,-,-,-,-,-,-,★★★★★,-,-,-,-,-,-,-
7. (하나은행) 기타업무-e-금융서비스(상세),-,-,-,-,-,-,-,-,-,-,-,-,-,-,-,★★★★★,-,-,-,-,-,-,-
8. (하나카드) 신용카드 상품(상세),-,-,-,-,-,-,-,-,-,-,-,-,-,-,-,★★★★★,-,-,-,-,-,-,-
9. (하나저축은행) 예금상품(상세),-,-,-,-,-,-,-,-,-,-,-,-,-,-,-,★★★★★,-,-,-,-,-,-,-
10. (하나저축은행) 대출상품(상세),-,-,-,-,-,-,-,-,-,-,-,-,-,-,-,★★★★★,-,-,-,-,-,-,-
11. (하나증권) 신용파생상품 상세명세(상세),-,-,-,-,-,-,-,-,-,-,-,-,-,-,-,★★★★★,-,-,-,-,-,-,-
4. 지적재산권 보유현황(에코프로비엠(연결)),-,-,-,-,-,-,-,-,-,-,-,-,-,-,-,-,★★★★★,-,-,-,-,-,-
5. 지적재산권 보유현황(에코프로머티리얼즈),-,-,-,-,-,-,-,-,-,-,-,-,-,-,-,-,★★★★★,-,-,-,-,-,-
6. 지적재산권 보유현황(에코프로에이치엔(연결)),-,-,-,-,-,-,-,-,-,-,-,-,-,-,-,-,★★★★★,-,-,-,-,-,-
4. 연구개발실적(에코프로머티리얼즈),-,-,-,-,-,-,-,-,-,-,-,-,-,-,-,-,★★★★★,-,-,-,-,-,-
5. 지적재산권 보유현황(에코프로비엠(연결)),-,-,-,-,-,-,-,-,-,-,-,-,-,-,-,-,★★★★★,-,-,-,-,-,-
6. 지적재산권 보유현황(에코프로에이치엔),-,-,-,-,-,-,-,-,-,-,-,-,-,-,-,-,★★★★★,-,-,-,-,-,-
4. 연구개발비실적(상세),-,-,-,-,-,-,-,-,-,-,-,-,-,-,-,-,-,-,★★★★★,-,-,-,-
4. (LGCNS)파생상품계약(상세),-,-,-,-,-,-,-,-,-,-,-,-,-,-,-,-,-,-,-,★★★★★,-,-,-
